Example #,TTL_ZPT Text (Original),Segmentation
Example 1,bǽll.ˈdxî,bǽll=dxi
Example 2,ˈtxḭ̂w?,tx´-æ=ṵ
Example 3,ˈyu’,yu’
Example 4,ˈxtḛ̂,xtḛ̂ny
Example 5,ˈJwáyn,Jwáyn
Example 6,gu.ˈzam,gu-za=um
Example 7,ˈdâmm,dâmm
Example 8,ˈrwa̰,r-wa̰
Example 9,ˈraw,r-aw
Example 10,ˈrya,r-ya
Example 11,ra.ˈnǎy,ra-nǎy
Example 12,*raw̄,r-aw
Example 13,*ra-ˈnāý,ra-nǎy
Example 14,*riˈdūý,ri-dūy
Example 15,ˈda’,da’
Example 16,riˈdūy,ri-dūy
Example 17,ˈdâ’,da’
Example 18,ri.bix.ˈla̰z,ri-bix+la̰z
Example 19,ruyn.ˈsrū,r-uny+srū
Example 20,ri.za.ˈgi,ri-za+gi
Example 21,lizˈgḭb,liz+gḭb
Example 22,nisˈdo̰w,nis+do̰w
Example 23,dxī.ˈla̰z,dxī+lâ̰z
Example 24,ga.ˈlǎy,ga+lǎy
Example 25,gu.du.ˈbḛ̄w,gudu+bḛ̄w
Example 26,ˈbēnny,bēnny
Example 27,ní.gu.ˈdí.nyán.kīx,ni=gu-dīny=an=kī=x
Example 28,ˈra,r-a
Example 29,ˈxta’,x-da’
Example 30,ˈgi’n,gi-i’n
Example 31,ri.ˈzu,ri-zu
Example 32,gu.ˈza,gu-za
Example 33,ká.ˈnīsy,ká-nīsy
Example 34,ri.git.ˈnǣ,ri-git-nǣ
Example 35,ri.nni.ˈnǣ,ri-nnḭ-nǣ
Example 36,gú.ˈnæ’n,gû’n=æ’ny
Example 37,gu.bá.ˈni’n,gubâ’ny=i’ny
Example 38,bedy.ˈgǐdy,bedy-gǐdy
Example 39,dixh.ˈtíly,dḭdx-tíly
Example 40,ru.kwa.ˈdyag,ru-kwa̰-dyag
Example 41,ri.nnye.ˈbla̰z,ri-nnya̰b-la̰z
Example 42,gú.ˈnæ’n,gû’n-æ’ny
Example 43,di.ˈni’n,di’n-i’ny
Example 44,ruˈryu’ω,ru’+r-yu’
Example 45,xki.bya.ˈgæ’n,x-gḭb+yag-æ’ny
Example 46,ˈBǽd,Bǽd
Example 47,xki.ˈbyag,x-gḭb+yag
Example 48,kú.ˈyi’n,kúy-æ’ny
Example 49,ˈBǽd,Bǽd
Example 50,ri.git.ˈně’.nyan,ri-git-nǣ-æ’ny=an
Example 51,ˈBǽd,Bǽd
Example 52,ˈnna̰y.zá,nna̰y=zá
Example 53,ˈbyô’n̄,b-yô’=ūn
Example 54,te.ˈtyōp.zī.dān,tetyōp=zī=dān
Example 55,ˈgwæ̂,gu-æ
Example 56,ˈrak.ˈmḭ̄d.zá,r-ak+mḭ̄d=zá
Example 57,*ˈrak.zá,r-ak=zá
Example 58,ˈmḭ̄d,mḭ̄d
Example 59,ˈrak.zá,r-ak=zá
Example 60,ˈdzɨyn,dzɨyn
Example 61,ádí.ˈrēky,ádí=rēky
Example 62,ˈgwâ’,gu-â’
Example 63,ˈá.dí.zá,ádí=zá
Example 64,ˈrēky,rēky
Example 65,ˈgwâ’,gw-â’
Example 66,ˈyu’.ˈrô’w.kī,yu’+rô’w=kī
Example 67,ˈlady.ˈkúy.kī,lady+kúy=kī
Example 68,ˈryab,r-yab
Example 69,ˈrya̰.bu’,r-yab=ṵ
Example 70,ˈruyn,r-uny
Example 71,ˈru.nyan,r-uny=an
Example 72,ri.ˈgīn,ri-gīny
Example 73,*ri.ˈgīyn,ri-gīny
Example 74,ontour,V
Example 75,Levelling,V
Example 76,ˈgī.tsēn,gits=ēn
Example 77,ˈgī.tsēn,gīts=ēn
Example 78,ˈyū’.rǣ,yu’=rǣ
Example 79,gú.ˈzyǣ̰n,gu-zḭ=ān
Example 80,gu.ˈzḭ,gu-zḭ
Example 81,ˈbēnny,bēnny
Example 82,gú.ˈbīn.kī,gubin=kī
Example 83,té.ˈyu’,te=yu’
Example 84,gu.ˈlǎl,gulǎl
Example 85,gu.ˈzyǣ̰.nēn,gu-zḭ=ān=ēn
Example 86,ˈbēnny,bēnny
Example 87,gú.ˈbīn.kī,gubin=kī
Example 88,gú.ˈzḭ̂,gu-zḭ
Example 89,té.ˈyu’,te=yu’
Example 90,gu.ˈlǎl,gulǎl
Example 91,ˈrá,rá
Example 92,ˈbénny,bēnny
Example 93,ˈxtḛ̂n,xtḛ̂ny
Example 94,ˈBǽd,Bǽd
Example 95,ˈlæ’n,læ’n
Example 96,ˈgæs,gæs
Example 97,te.ˈdxap,te=dxap
Example 98,ˈdgæ̂s,d´=gæs
Example 99,te.ˈdxap,te=dxap
Example 100,ˈzyṵ̂l,zyṵ̂l
Example 101,te.ˈgæs,te=gæs
Example 102,ˈgwěn,gwěn
Example 103,ba.da.ˈwæ’n,bada̰w-æ’ny
Example 104,ˈlæ’n,læ’n
Example 105,ˈgæs.kī,gæs=kī
Example 106,ˈbyā,b-yā
Example 107,ˈlyû,lyu
Example 108,gwe.ˈsæ̰d.dán,gu-æ-sæ̰d=dán
Example 109,bēd.ˈtí.xhán,b-ǣd-tixh=an
Example 110,ru.ˈyā’,ru-yā’
Example 111,ˈJwáyn,Jwáyn
Example 112,ru.yā’.ˈnǽ,ru-yā’-nǣ
Example 113,ˈJwáyn,Jwáyn
Example 114,ˈNdǔn,Ndǔn
Example 115,*ˈxtip,x-tip
Example 116,ˈJwáyn,Jwáyn
Example 117,*ˈxkǽgw,x-gǽgw
Example 118,ˈyag,yag
Example 119,kēd.ˈná.dí,kēd=nā=di
Example 120,ˈlâdy.kī,lady=kī
Example 121,ˈnâdx,nadx
Example 122,kēd.ˈnâdx.di,kēd=nadx=di
Example 123,ˈnā,nā
Example 124,ˈlâdy.kán,lady=kán
Example 125,ˈnna̰y,nna̰y
Example 126,gu.ˈdi.xhan,gu-dixh=an
Example 127,ˈxtxā’,xtxā’
Example 128,kēd.gú.ˈdîxh.dyan,kēd=gu-dixh=di=an
Example 129,ˈxtxā’,xtxā’
Example 130,ˈnnâ̰y,nna̰y
Example 131,ˈnna̰y.pkā.zá,nna̰y=pkā=zá
Example 132,gu.ˈdi.xhan,gu-dixh=an
Example 133,ˈxtxā’,xtxā’
Example 134,á.dí.ˈnna̰y,ádí=nna̰y
Example 135,ˈgwâ’,gu-â’
Example 136,ˈBak,Bak
Example 137,*te.ˈnna̰y,te=nna̰y
Example 138,ˈsrū,srū
Example 139,ˈnna̰y,nna̰y
Example 140,gu.ˈkǎy,gukǎy
Example 141,ˈtæ̰,tæ̰
Example 142,gwe.ˈstæ̌n,gu-æstǣ=an
Example 143,ga.ˈdǎw,gadǎw
Example 144,ˈtæ̰,tæ̰
Example 145,ˈyu’,yu’
Example 146,ba.ˈzwa̰n,ba-zu=an
Example 147,ˈyag,yag
Example 148,ga.ˈlǎy,galǎy
Example 149,le.ˈllæ̂’,lellæ̂
Example 150,ba.ˈzwa̰n,ba-zu=an
Example 151,ˈyag,yag
Example 152,te.bæ.ˈkwæ’n,te=bækw-æ’ny
Example 153,ˈxtḛ̂n,xtḛ̂n
Example 154,dxa.ˈpæ’n.zá.kī,dxapæ’n=zá=kī
Example 155,ˈkwǎ’n,kwā’=an
Example 156,te.ˈdæts,te=dæts
Example 157,ˈyu’,yu’
Example 158,ˈdæts,dæts
Example 159,te.ˈyu’,te=yu’
Example 160,ˈtrâly,trâly
Example 161,ˈxtḛ̂n,xtḛ̂n
Example 162,tyú.ˈNély,tiw=Nély
Example 163,ˈtrâly,trâly
Example 164,ˈxtḛ̂.nyān,xtḛ̂ny=ān
Example 165,ˈxkû’n,x-gû’n
Example 166,ˈBǽd,Bǽd
Example 167,xhgu.ˈliz,x-guliz
Example 168,ˈBǽd,Bǽd
Example 169,xhnan.ˈtyǽ,x-nantyǽ
Example 170,ˈBǽd,Bǽd
Example 171,ˈgû’n,gû’n
Example 172,ˈxtḛ̂n,xtḛ̂ny
Example 173,ˈBǽd,Bǽd
Example 174,ˈgû’n,gû’n
Example 175,ˈxtḛ̂.nyan,xtḛ̂ny=an
Example 176,ˈgû’n,gû’n
Example 177,ˈngǐts,ngǐts
Example 178,ˈxtḛ̂n,xtḛ̂ny
Example 179,ˈbēnny,benny
Example 180,ná.ˈrúy.kī,narúy=kī
Example 181,zu.ˈzu,zu-zu
Example 182,ˈJwáyn,Jwáyn
Example 183,te.ˈyag,te=yag
Example 184,"nna’.ˈdxi,",nna’dxi
Example 185,ˈBǽd,Bǽd
Example 186,ˈnna’,nna’
Example 187,ˈgwæ’.zá,gu-æ’=zá
Example 188,ˈJwáyn,Jwáyn
Example 189,mas.ˈkály,maskály
Example 190,ˈgwæ’.zá.nēn,gu-æ’=zá=an=ēn
Example 191,gwǣ’.ˈnǣ,gu-æ’-nǣ
Example 192,ˈtæ̰̂,tæ̰
Example 193,ˈJwáyn,Jwáyn
Example 194,ˈBǽd,Bǽd
Example 195,mas.ˈkály,maskály
Example 196,ˈgwæ’.zá,gu-æ’=zá
Example 197,ˈJwáyn,Jwáyn
Example 198,mas.ˈkály,maskály
Example 199,ˈnna̰y,nna̰y
Example 200,ˈstúyx,s´=tuy=x
Example 201,ˈgwæ’.zá,gu-æ’=zá
Example 202,ˈJwáyn,Jwáyn
Example 203,mas.ˈkály,maskály
Example 204,ˈnna̰y,nna̰y
Example 205,ˈstúy,s´=tuy
Example 206,ˈæ̌?,æ̌
Example 207,ˈNī.sēn,nis=ēn
Example 208,ká.ˈyæ’,káy-æ’
Example 209,ˈJwáyn,Jwáyn
Example 210,ˈlā̰,lā̰
Example 211,ˈJwáyn,Jwáyn
Example 212,ká.ˈyæ’,káy-æ’
Example 213,mas.ˈkály,maskály
Example 214,xī.gú.ˈzyæ̰̂n?,xī=gu-zḭ=an
Example 215,tū.gú.ˈzḭ̂,tū=gu-zḭ
Example 216,ˈndǣ?,ndǣ
Example 217,txi.á.kēd.rú.ˈrāp.dyán,txi=á=kēd=rú=r-āp=di=án
Example 218,ˈmědy,mědy
Example 219,gūl.ˈtxæ̂!,gūl=tx´-æ
Example 220,gūl.ˈtû’!,gūl=tû’
Example 221,ˈkwæ’,kwæ’
Example 222,ˈyu’,yu’
Example 223,ká.ˈbe.kyan,ká-beky=an
Example 224,ko.ˈlór,kolór
Example 225,ˈnyæ’,nyæ’
Example 226,yag.ˈxhǐly,yagxhǐly
Example 227,ˈxtḛ̂n,xtḛ̂ny
Example 228,gu.dū.ˈbḛ̄w,gudūbḛ̄w
Example 229,ˈgyæ̰.kán,gyæ̰=kán
Example 230,txi.ba.ˈgyæ̰̌m,txi=ba-gyǣ̰=um
Example 231,næz.ˈgyâ̰,næz=gyâ̰
Example 232,lá.ˈgû’n,lá=gû’n
Example 233,gu.lá.ˈdxǐb,gulá=dxǐb
Example 234,ˈgû’?,g-u’
Example 235,ˈdbénny,d´=bēnny
Example 236,ní.á.ba.ˈzûyn,ni=á=ba-zuny
Example 237,ˈru’,ru’
Example 238,ˈgḛw,gḛw
Example 239,kūd.bá.ˈdxé.lēn,kūd=ba-dxēl=ēn
Example 240,gu.ˈlæ̌,gu-læ̌
Example 241,ˈlady,clothes
Example 242,ló.gu.ˈbidx,low=gubidx
Example 243,té.ga.ˈbî.zēn,té=ga´-biz=ēn
Example 244,kom.á.ˈzyæ̰̂n,kom=á=z´-yæ=ani
Example 245,txi.ba.ˈzû.nyan,txi=ba-zuny=anj
Example 246,bǣll.ˈgyáb,bǣll=g´-yab
Example 247,nis.ˈgyæ,nisgyæ
Example 248,gāxh.kēd.ˈtxǽ.dyan,gāxh=kēd=tx´-æ=di=an
Example 249,bǣll.ˈxhí,bǣll=xhí
Example 250,"ˈtxô’n,",tx´-ô’=un
Example 251,ˈzak.zá,z-ak=zá
Example 252,Gu.ˈdīn,gu-dīny
Example 253,ˈBǽd,Bǽd
Example 254,ˈgû’n,gû’n
Example 255,Gu.ˈdīn,gu-dīny
Example 256,ˈgû’n,gû’n
Example 257,ˈBǽd,Bǽd
Example 258,gu.ˈdī.nyúm,gu-dīny=um
Example 259,ˈlǎ̰n,lǎ̰n
Example 260,ˈlā̰.nén,lǎ̰n=ēn
Example 261,gú.ˈdí.nyán,gu-dīny=an
Example 262,ˈlǎ̰m,lǎ̰m
Example 263,ˈba̰.nyan,ba̰ny=an
Example 264,get.ˈgṵ̄,getgṵ̄
Example 265,gwé.ˈnæ̌n,gu-enǣ=an
Example 266,ri.ˈda’,ri-da’
Example 267,ˈnis,nis
Example 268,ri.ˈdxā’,ri-dxā’
Example 269,ˈnîs,nis
Example 270,ri.ˈxhṵb,ri-xhṵb
Example 271,ˈJwáyn,Jwáyn
Example 272,ba.ˈyā’,ba-yā’
Example 273,ˈtæ̰̂,tæ̰
Example 274,ˈJwáyn,Jwáyn
Example 275,ˈri,ri
Example 276,ˈtxî’n,txî’n
Example 277,ˈyuxh,yuxh
Example 278,ˈkwæ’,kwæ’
Example 279,ˈyū’kī,yu’=kī
Example 280,ˈgwæ’,gu-æ’
Example 281,ˈBǽd,Bǽd
Example 282,ˈnis,nis
Example 283,ba.ˈsyā,ba-syā
Example 284,ˈBǽd,Bǽd
Example 285,ˈlæ’n,læ’n
Example 286,gu.ˈrrâly,gurrâly
Example 287,ba.ˈzḭ,b-azḭ
Example 288,ˈBǽd,Bǽd
Example 289,te.ˈllápy,te=llápy
Example 290,ba.ˈsyak,ba-syak
Example 291,rru.ˈmédy.kī,rrumédy=kī
Example 292,ˈlǎ̰n,lǎ̰n
Example 293,ba.ˈdæ̰d,ba-dæ̰d
Example 294,ˈBǽd,Bǽd
Example 295,ˈzut,zut
Example 296,ˈbækw,bækw
Example 297,gu.ˈleky,gu-leky
Example 298,ˈBǽd,Bǽd
Example 299,ba.ˈda̰w,bada̰w
Example 300,ˈlæ’n,læ’n
Example 301,ˈgixy,gixy
Example 302,bi.ˈdxiby,bi-dxiby
Example 303,ˈBǽd,Bǽd
Example 304,gu.ˈnnǎn,gu-nnā=an
Example 305,ˈgû’n,gû’n
Example 306,ˈnna̰y,nna̰y
Example 307,gu.ˈdi.xhan,gu-dixh=an
Example 308,ˈxtxā’,xtxā’
Example 309,ká.ˈyā’,ká-yā’
Example 310,ˈJwáyn,Jwáyn
Example 311,ká.ˈta’w,ká-ta’w
Example 312,ˈNdǔn,Ndǔn
Example 313,ˈgæt,gæt
Example 314,ˈu.nyan,r-uny=an
Example 315,ˈrṵ̂.na,r-ṵ̂na
Example 316,ˈbā.nyá,bǎny=a̰
Example 317,ba.ˈka̰n,b-aka=an
Example 318,ˈstúy,s´=tuy
Example 319,ˈrū.nyá,r-ǔny=a̰
Example 320,ru.ˈtxī.txú,ru-txītx=ṵ
Example 321,ˈlǎ̰n,lǎ̰n
Example 322,ˈu.nyan,r-uny=an
Example 323,ri.ˈbixy,ri-bixy
Example 324,ˈgḭb,gḭb
Example 325,rū.ˈgyǣ̰,ru-gyǣ̰
Example 326,ˈlâ.wan,low=an
Example 327,lo.ˈnis,low=nis
Example 328,rū.ˈgyæ̰̌n,ru-gyǣ̰=an
Example 329,ˈlâ.wan,low=an
Example 330,lo.ˈnis,low=nis
Example 331,ru.ˈgyǣ̰.tū,ru-gyǣ̰=tū
Example 332,ˈlôw.tū,low=tū
Example 333,ló.ˈbídr,lo=bídr
Example 334,gu.ˈdǣ̰z,gu-dǣ̰z
Example 335,ˈsa’.dán,sa’=dán
Example 336,gu.ˈdǣ̰z.dán,gu-dǣ̰z=dán
Example 337,ˈsa’.dán,sa’=dán
Example 338,ká.yā’.ˈnǽ,ká-yā’-nǣ
Example 339,ˈJwáyn,Jwáyn
Example 340,ˈNdǔn,Ndǔn
Example 341,ká.yā’.ˈnǽ,ká-yā’-nǣ
Example 342,ˈsâ’.dán,sa’=dán
Example 343,ká.yā’.ˈnǽ.dán,ká-yā’-nǣ=dán
Example 344,ˈsa’.dán,sa’=dán
Example 345,lá.ˈgwæ,lá=gu-æ
Example 346,ˈBǽd,Bǽd
Example 347,ˈxkwíly,xkwíly
Example 348,nna’.ˈdxi?,nna’dxi
Example 349,*lá.ˈtxḭ̂w,lá=tx´-æ=ṵ
Example 350,ˈLlwâ’?,Llwâ’
Example 351,*lá.ˈnḭ̂w,lá=ni´-æ=ṵ
Example 352,ˈLlwâ’?,Llwâ’?
Example 353,lá.ˈzḛw,lá=z-æ=ṵ
Example 354,ˈLlwâ’?,Llwa’
Example 355,lá.ˈnā,lá=nā
Example 356,ˈnḭ̂w,ni´-æ=ṵ
Example 357,ˈLlwâ’?,Llwâ’
Example 358,tū.ˈkwá’.dān,tū=kwā’=dān
Example 359,___lá?,=lá
Example 360,xī.bí.ˈxhí’___,xī=bi-xhī’
Example 361,ˈræ̌n?,ræ̌n
Example 362,xá.ˈrak,xá=r-ak
Example 363,ˈsya̰b.ræ̂’?,sya̰b=ræ̂’
Example 364,gǔk.ˈguk,gǔk=guk
Example 365,ˈsya̰b.ræ̂’?,sya̰b=ræ̂’
Example 366,Xíxhté.ˈgwḛw?,xíxh=té=gu-æ=ṵ
Example 367,bǽll.ˈdxî,bǽll=dxi
Example 368,ˈtxḭ̂w?,tx´-æ=ṵ
Example 369,gūz.ˈkâty,gūzkâty
Example 370,ˈtxḭ̂w?,tx´-æ=ṵ
Example 371,gu.dixh.ˈlæ’,gu-dixhlæ’
Example 372,ˈJwáyn,Jwáyn
Example 373,te.ˈkwæ̌nt,te=kwæ̌nt
Example 374,loˈBǽd,lo=Bǽd
Example 375,tū.ˈlô,tū=lo
Example 376,gu.dixh.ˈlæ’,gu-dixhlæ’
Example 377,ˈJwáyn,Jwáyn
Example 378,te.ˈkwæ̌nt?,te=kwæ̌nt
Example 379,tū.gu.dixh.ˈlæ’,tū=gu-dixhlæ’
Example 380,ˈJwáyn,Jwáyn
Example 381,te.ˈkwæ̌nt,te=kwæ̌nt
Example 382,ˈla.wen?,low=en
Example 383,tū.ˈxkû’n,tū=x-gû’n
Example 384,ˈgǔty?,gu-aty
Example 385,ˈguty,gu-aty
Example 386,ˈxkû’n,x-gû’n
Example 387,ˈJwáyn,Jwáyn
Example 388,ˈræ’n,r-æ’=an
Example 389,ˈnis,nis
Example 390,kēd.ˈræ̂’.dyan,kēd=r-æ’=di=an
Example 391,ˈnis,nis
Example 392,ˈgwæ’n,gu-æ’=an
Example 393,ˈnis,nis
Example 394,kēd.ˈgwæ̂’.dyan,kēd=gu-æ’=di=an
Example 395,ˈnis,nis
Example 396,ká.ˈyæ’n,káy-æ’=an
Example 397,ˈnis,nis
Example 398,kēd.ká.ˈyæ’.dyan,kēd=káy-æ’=di=an
Example 399,ˈnis,nis
Example 400,kēd.ri.ˈka̰z.di,kēd=ri-ka̰z=di
Example 401,ˈJwáyn,Jwáyn
Example 402,ˈgæ̂’n,g´-æ’=an
Example 403,/,/
Example 404,ˈnyæ̂’n,ni´-æ’=an
Example 405,ˈnis,nis
Example 406,ˈzæ’n,z-æ’=an
Example 407,ˈnis,nis
Example 408,*kēd.ˈzæ’.dyan,kēd=z-æ’=di=an
Example 409,ˈnis,nis
Example 410,kēd.ˈgæ̂’.dyan,kēd=g´-æ’=di=an
Example 411,ˈnis,nis
Example 412,kēd.ˈnyæ̂’.dyan,kēd=ni´-æ’=di=an
Example 413,ˈnis,nis
Example 414,ˈgu’,g-u’
Example 415,ˈnis,nis
Example 416,ˈnna̰y,nna̰y
Example 417,kēd.ˈgû’.di,kēd=g-u’=di
Example 418,ˈnis,nis
Example 419,ˈnna̰y,nna̰y
Example 420,kēd.ˈtúdí,kēd=tū=di
Example 421,kē.ˈtxí.dí,kēd=xī=di
Example 422,kēd.ˈká.lídí,kēd=kālí=di
Example 423,Kēd.tú.ˈbǽ̰d.dí,kēd=tū=b-ǣ̰d=di
Example 424,Gád.tú.ˈgǽ̰d.dí,gád=tū=g´-ǣ̰d=di
Example 425,Kē.txī.ˈgæ̂t.di,kēd=xī=gæt=di
Example 426,ba.ˈdæ̰̂d.dān,ba-dæ̰d=dān
Example 427,lǎ̰n,lǎ̰n
Example 428,bi.ˈdxḭ.byu,bi-dxiby=ṵ
Example 429,gu.ˈnnǒw,gu-nnā=ṵ
Example 430,ˈlǎ̰m,lǎ̰m
Example 431,ˈræ̰n,r-æ=an
Example 432,ru.ˈlṵ.yan,ru-lṵy=an
Example 433,dbí.ˈnī’n.rǣ,d´=bini’n=rǣ
Example 434,re.ˈlṵ.yan,r-æ-lṵy=an
Example 435,dbí.ˈnī’n.rǣ,d´=bini’n=rǣ
Example 436,bi.ˈgē.llyá,bi-gělly=a̰
Example 437,ba.ˈkḭ̂.nya,ba-kḭ̂ny=a̰
Example 438,ˈgæt,gæt
Example 439,ba.ˈkwḭ.zan,ba-kwḭz=an
Example 440,ˈnīs.kī,nis=kī
Example 441,ˈgwæ’n,gu-æ’=an
Example 442,gu.ˈbiz,gu-biz
Example 443,ˈnīs.kī,nīs=kī
Example 444,ˈgwæ’n,gu-æ’=an
Example 445,ru.ˈta’.wan,ru-ta’w=an
Example 446,ˈgæt,gæt
Example 447,ri.ˈkā’,ri-kā’
Example 448,ˈÁnn,Ánn
Example 449,i.ˈzǎk.txa,ri-zǎk=txa=a̰
Example 450,zi.ˈzo̰w,zi-za=ṵ
Example 451,ˈtxḭ̂w,tx´-æ=ṵ
Example 452,*i.ˈzǎk.txa,ri-zǎk=txa=a̰
Example 453,zi.ˈzo̰w,zi-za=ṵ
Example 454,ˈzḛw,z-æ=ṵ
Example 455,kēd.bá.ˈra.di,kēd=ba-ra=di
Example 456,ˈbedy,bedy
Example 457,bi.ˈdo’w,bi-do’w
Example 458,ba.ˈra,ba-ra
Example 459,ˈtæ̰.zá,tæ̰=zá
Example 460,ˈbedy,bedy
Example 461,bi.ˈdo’w,bi-ˈdo’w
Example 462,ri.ˈkā.zá,ri-kǎz=a̰
Example 463,gu.ˈstṵ̂.yu,gu´-stuy=u
Example 464,ˈpá.kán,pá=kán
Example 465,ˈgô̰wSV,g´-aw=ṵ
Example 466,tū.ˈgwǽ,tū=gu-æ
Example 467,ˈlæ’n,læ’n
Example 468,ˈdāyn,dāyn
Example 469,ˈnnâ̰y?,nna̰y
Example 470,xī.bá.ˈkḭ̂n,xī=ba-kḭ̂n
Example 471,ˈBǽd?,Bǽd
Example 472,gū.kén.ˈtxô’n,gǔk=ēn=tx´-ô’=un
Example 473,ˈLlwâ’?,Llwâ’
Example 474,ˈXwǽ.bēn,Xwǽb=ēn
Example 475,ˈtxô’n,tx´-ô’=un
Example 476,ˈLlwâ’,Llwâ’
Example 477,Xī.ká.ˈyṵ̂.nyu’?,xī=ká-uny=ṵ
Example 478,Xī.ká.ˈyak,xī=ká-ak
Example 479,ˈræ̌n?,ræ̌n
Example 480,Kûn.ˈBǽd,kûn=Bǽd
Example 481,ˈgú.rrǽn?,gúr=rǽn
Example 482,ˈlǎ̰nTOP,lǎ̰n
Example 483,ká.ˈllṵb,ká-llṵb
Example 484,læ.ˈnyu’,læ’n+yu’
Example 485,ˈlā̰,lā̰
Example 486,ˈBǽdTOP,Bǽd
Example 487,ká.ˈllṵb,ká-llṵb
Example 488,læ.ˈnyu’,læ’n+yu’
Example 489,ba.ˈkâ’,bakâ’
Example 490,kēd.zá.xī.gwé.ˈdxu’.di,kēd=zá=xī=gu-edxu’=di
Example 491,ˈgú.nyum,g´-uny=um
Example 492,kā.lí.ˈzǽ,kālí=z´-æ
Example 493,ˈJwáyn?,Jwáyn
Example 494,ˈyū’.pkā,yū’=pkā
Example 495,ˈbēnny,bēnny
Example 496,rú.ˈgwā̰.yīn,ru-gwa̰y=īn
Example 497,ˈræ̰̂,ræ̰
Example 498,ˈzyǽ,z´-yæ
Example 499,ˈbēnny,bēnny
Example 500,ˈzyǽ,z´-yæ
Example 501,ˈbénny,bēnny
Example 502,ˈyū’,yū’
Example 503,ní.ruyn.ˈllā.wēn,ni=r-uynllow=ēn
Example 504,ri.ˈgīn,ri-gīn
Example 505,gú.ˈbixh,gubidx
Example 506,ˈlyu,lyu
Example 507,ni.bi.ˈlyá’.kí,ni=bi-lyā’=kī
Example 508,ˈrēky,rēky
Example 509,rá.ˈdā,r-adā
Example 510,ˈnîs,nis
Example 511,ni.ra.ˈkḭ̂.nyun,ni=ra-kḭ̂ny=un
Example 512,á.ˈzyǽ,á=z´-yæ
Example 513,dbén.ˈzǐt,d´=bēnzǐt
Example 514,ba.ˈdxā̰.gá,ba-dxǎ̰g=a̰
Example 515,ngu.ˈlæ’n,ngulæ’n
Example 516,ni.ba.ˈdæ̰̂.da,ni=ba-dæ̰̂d=a̰
Example 517,ˈbǣkw.kī,bækw=kī
Example 518,ˈyū’.pkā,yū’=pkā
Example 519,ˈbēnny,bēnny
Example 520,rú.ˈgwā̰.yīn,ru-gwa̰y=īn
Example 521,ˈræ̂,ræ̰
Example 522,"ˈzu,","zu,"
Example 523,ˈgæs,gæs
Example 524,ˈyū’,yū’
Example 525,ˈsyâ̰b,syâ̰b
Example 526,ˈxhǔb,xhǔb
Example 527,ˈngâ’,ngâ’
Example 528,ˈzyǽ,z-yæ
Example 529,ˈbēnny,bēnny
Example 530,ˈzyǽ,z-yæ
Example 531,ˈdbénny,d´=bēnny
Example 532,gu.dixh.ˈlǣ’.dān,gu-dixhlæ’=dān
Example 533,ˈlâw.dán/dān,low=dán/=dān
Example 534,ˈgu’,g-u’
Example 535,te.ˈtyōp,tetyōp
Example 536,ni.gu.zút.ˈnæ̌n,ni=gu-zut=nǣ=an
Example 537,ˈbyô’n̄,b-yô’=ūn
Example 538,tékūd.ra.ˈdā,te=kūd=ra-dā
Example 539,ˈnîs,nis
Example 540,lá.ˈkwǒ’w,lá=kwā’=ṵ
Example 541,ni.gwé.dxu.ˈlâ̰.zū.kī?,ni=gu-edxulâ̰z=ṵ=kī
Example 542,ˈgu’,g-u’
Example 543,ni.gu.zút.ˈnæ̌n,ni=gu-zut=nǣ=an
Example 544,txi.ˈgú.kan,txi=gu-ak=an
Example 545,á.ba.ˈdxē.lán,á=ba-dxēl=an
Example 546,kūd.ˈtxæ̰̂n,kūd=tx´-æ=an
Example 547,nna’.ˈdxi,nna’dxi
Example 548,ˈLLúpy,LLúpy
Example 549,ba.sú.ˈtxḛ,ba-sutxḛ
Example 550,xī.byé.ˈnē.ūn,xī=bi-ēnǣ=ūn
Example 551,ˈLLúpy,LLúpy
Example 552,ba.sú.ˈtxḛ,ba-sutxḛ
Example 553,gyæ̰,gyæ̰
Example 554,ni.byé.ˈnē.ūn,ni=bi-ēnǣ=ūn
Example 555,ˈyū’tū,yū’=tū
Example 556,ri.ˈkā’n,ri-kā’=ān
Example 557,ǽs.tá,æstá
Example 558,ˈyū’,yū’
Example 559,té.ˈdxap,te=dxap
Example 560,ri.ˈkā’n,ri-kā’=ān
Example 561,ǽs.tá,æstá
Example 562,kon.ba.ˈdæ̰d.dá.nēn,kon=ba-dæ̰d=dán=ēn
Example 563,ní.tsīz.bá.ˈzûyn,ni=tsīz=ba-zuny
Example 564,ba.ˈdæ̰d.dá.nēn,ba-dæ̰d=dán=ēn
Example 565,ˈbén.tsīz,bēnny=tsīz
Example 566,ní.ba.ˈzûynrc,ni=ba-zuny
Example 567,ˈBǽd,Bǽd
Example 568,kwǽ.ˈbæ̰̂,kwǽbæ̰
Example 569,tū.ˈtxǽ,tū=tx´-æ
Example 570,ˈLLúpy,LLúpy
Example 571,ˈba.dxél,ba-dxél
Example 572,ka.lí.ná.ín,kalí=nā=īn
Example 573,ˈBǽd,Bǽd
Example 574,ba.ká.ˈbæ̰,ba-kabæ̰
Example 575,gǔk.ˈtxô’n̄,gǔk=tx´-ô’=ūn
Example 576,ˈLLúpy,LLúpy
Example 577,ru.ˈlṵy,ru-lṵy
Example 578,xá.ˈrā.kēn,xá=r-ak=ēn
Example 579,ˈBǽd,Bǽd
Example 580,gu.ˈnnḭ̂,gu-nnḭ
Example 581,tū.byé.ˈnē.ūn,tū=bi-ēnǣ=ūn
Example 582,ˈBǽd,Bǽd
Example 583,kwǽ.ˈbæ̰̂,kwǽbæ̰
Example 584,lady.ˈgītx.kī,lady+gitx=kī
Example 585,lo.ˈgits,low=gits
Example 586,ba.ˈdxē.lán,ba-dxēl=an
Example 587,te.ˈnæz,te=næz
Example 588,ˈBǽd,Bǽd
Example 589,ba.ká.ˈbæ̰,ba-kabæ̰
Example 590,ˈdxi,dxi
Example 591,ni.ˈtxô’n̄,ni=tx´-ô’=ūn
Example 592,ˈLLúpy,ˈLLúpy
Example 593,ru.ˈlṵy,ru-lṵy
Example 594,ˈfǒrm,fǒrm
Example 595,ni.ˈrā.kēn,ni=r-ak=ēn
Example 596,*ˈBǽd,Bǽd
Example 597,ba.ká.ˈbæ̰,ba-kabæ̰
Example 598,lá.ˈzô’n̄,lá=z-ô’=ūn
Example 599,gāxh.bá.zi.ˈrwa’n,gāxh=ba-ziru’=an
Example 600,ˈlǎ̰n,lǎ̰n
Example 601,ˈbâ̰.nyā.nēn,ba̰ny=an=ēn
Example 602,gāxh.bá.zi.ˈrwa’n,gāxh=ba-ziru’=an
Example 603,xī.ˈbâ̰.nyan,xī=ba̰ny=an
Example 604,*gāxh.bá.zi.ˈrwa’n,gāxh=ba-ziru’=an
Example 605,lá.zæ̰n,lá=zæ̰n
Example 606,á.ba.ˈdxé.lán,á=ba-dxēl=an
Example 607,tū.ˈbâ̰.nīn,tū=ba̰ny=ēn
Example 608,ˈLLúpy,LLúpy
Example 609,ba.sú.ˈtxḛ,ba-sutxḛ
Example 610,xī.byé.ˈnē.ūn,xī=bi-ēnǣ=ūn
Example 611,á.ba.ˈdxēl,á=ba-dxēl
Example 612,ˈLLúpy,llúpy
Example 613,tū.gú.ˈdæ̰̂.dan,tū=gu-dæ̰̂d=an
Example 614,ˈbækw,bækw
Example 615,á.ba.ˈdxēl,á=ba-dxēl
Example 616,ˈLLúpy,llúpy
Example 617,kā.lí.ˈkwǽ.dán,kālí=kwǽ=dán
Example 618,ˈyū’tū,yū’=tū
Example 619,rí.ˈkā’n,ri-kā’=ān
Example 620,ˈǽs.tá,æstá
Example 621,#ˈgu’,g-u’
Example 622,xī.gú.ˈnnâ̰.ban,xī=gu-nna̰b=an
Example 623,ˈyū’.tū,yū’tū
Example 624,rí.ˈkā’n,ri-kā’=ān
Example 625,ˈǽs.tá,æstá
Example 626,ˈyū’.xī,yū’=xī
Example 627,ká.ˈnnā̰.bēn,ká-nnya̰b=ēn
Example 628,ˈyū’.kā.lí,yū’=kālí
Example 629,ˈtxæ̰̂n,tx´-æ=an
Example 630,nna’.ˈdxi,nna’dxi
Example 631,ˈyū’,yū’
Example 632,tū.ˈbénny,tū=bēnny
Example 633,rí.ˈkā’n,ri-kā’=ān
Example 634,ˈǽs.tá,æstá
Example 635,ˈyū’,yū’
Example 636,xī.ˈgîts,xī=gits
Example 637,ká.ˈnnā̰.bēn,ká-nnya̰b=ēn
Example 638,ˈyū’,yū’
Example 639,kā.ˈnæ̂z,kā=næ̂z
Example 640,ˈtxæ̰̂n,tx´-æ=an
Example 641,nna’.ˈdxi,nna’dxi
Example 642,á.ˈrā.pá,á=r-ǎp=a̰
Example 643,xī.gú.ˈdæ̰̂.da,xī=gu´-dæ̰̂d=a̰
Example 644,*á.ˈrā.pá,á=r-ǎp=a̰
Example 645,xī.ní.gu.ˈdæ̰̂.da’,xī=ní=gu´-dæ̰̂d=a̰
Example 646,kon.ba.ˈdæ̰d.dá.nēn,kon=ba-dæ̰d=dán=ēn
Example 647,ní.tsīz.bá.ˈzûyn,ni=tsīz=ba-zuny
Example 648,ˈBā̰.nīn,ba̰ny=īn
Example 649,ká.tsīz.rí.ˈka̰.zu,ka=tsīz=ri-ka̰z=ṵ
Example 650,ˈGwæ,gu-æ
Example 651,kū.tsīz.rí.ˈka̰.zu,kūd=tsīz=ri-ka̰z=ṵ
Example 652,*ˈBā̰.nīn,ba̰ny=īn
Example 653,kā.lí.tsīz.rí.ˈka̰.zu,kālí=tsīz=ri-ka̰z=ṵ
Example 654,ba.ˈdæ̰d.dá.nēn,ba-dæ̰d=dán=ēn
Example 655,ˈbén.tsīz,bēnny=tsīz
Example 656,ní.ba.ˈzûynrc,ni´=ba-azuny
Example 657,Gūl.gú.ˈdǣ̰.dēn,gūl=gu´-dæ̰d=ēn
Example 658,nī.tsīz.gá.ˈzûynrc,ni=tsīz=ga´-zuny
Example 659,ˈbēn.tsīz,bēnny=tsīz
Example 660,ní.ba.ˈzûynrc,ni=ba-azuny
Example 661,ba.ˈdæ̰d.dá.nēn,ba-dæ̰d=dán=ēn
Example 662,nna’.ˈdxi,nna’dxi
Example 663,ˈzyǽ,z´-yæ
Example 664,ben.ˈgúl,bengúl
Example 665,ˈzyǽ,z-yæ
Example 666,ˈbēnny,bēnny
Example 667,lo.ni.bi.ˈdxû’n̄,low=ni=bi-dxû’n̄
Example 668,ˈréky,rēky
Example 669,ˈdxā’,dxā’
Example 670,ní.rak.ˈxhṵ,ni=r-akxhṵ
Example 671,ri.ˈnnyæ̰n,ri-nnḭ=an
Example 672,gāxh.rí.ˈnnyæ̰n,gāxh=ri-nnḭ=an
Example 673,ˈdxā’,dxā’
Example 674,ní.rak.ˈxhṵ,ni=r-akxhṵ
Example 675,lá.na.ˈnnǒw,lá=nannā=ṵ
Example 676,lá.ˈrā.pán,lá=r-āp=an
Example 677,ka.ˈmyún?,kamyún
Example 678,bin.ˈdyā.gá,b-indyǎg=a̰
Example 679,gu.ri.ˈxtyæ̰n,gu-rixtyæ=an
Example 680,xī.bín.ˈdya̰.gu’?,xī=b-indyag=ṵ
Example 681,bi.ˈlā.dán,bi-lā=dán
Example 682,ˈlǎ̰n,lǎ̰n
Example 683,ˈlā̰yn,lā̰yn
Example 684,ní.ˈbyá.ban,ni=b-yab=an
Example 685,lá.na.ˈnnǒw,lá=nannā=ṵ
Example 686,lá.ˈrā.pán,lá=r-āp=an
Example 687,ka.ˈmyún?,kamyún
Example 688,ˈlǎ̰n,lǎ̰n
Example 689,ba.ˈlṵ̂.yan,ba-lṵy=an
Example 690,ˈluy,luy
Example 691,xī.ˈdḭ̂dx,xī=dḭdx
Example 692,ˈnnḭ̂w,nnḭ̂=ṵ
Example 693,ˈJwáyn,Jwáyn
Example 694,gu.nní.ˈbæ̰,gu-nnibæ̰
Example 695,ba.ˈsyā,ba-syā
Example 696,ˈBǽd,Bǽd
Example 697,lo.ˈnæz,lonæz
Example 698,ri.nni.ˈbæ̰,ri-nnibæ̰
Example 699,ˈJwáyn,Jwáyn
Example 700,ru.ˈsyā,ru-syā
Example 701,ˈBǽd,Bǽd
Example 702,lo.ˈnæz,lonæz
Example 703,ˈJwáyn,Jwáyn
Example 704,gu.nní.ˈbæ̰,gu-nnibæ̰
Example 705,ká.ˈsyā,ká-syā
Example 706,ˈBǽd,Bǽd
Example 707,lo.ˈnæz,lonæz
Example 708,ˈllíbr.kī,llíbr=kī
Example 709,bá.ˈkḭ́ly,ba-kḭ̄ly
Example 710,ˈBǽd,Bǽd
Example 711,ˈlǎ̰n,lǎ̰n
Example 712,"ˈnyú.llyan,",ni´-ull=an
Example 713,pær…,pær
Example 714,ˈJwáyn,Jwáyn
Example 715,gu.nní.ˈbæ̰,gu-nnibæ̰
Example 716,kēd.ˈtxǽ.dyan,kēd=tx´-æ=di=an
Example 717,ri.ˈka̰z,ri-ka̰z
Example 718,ˈBǽd,Bǽd
Example 719,ˈsḭ̂,sḭ̂
Example 720,ˈJwáyn,Jwáyn
Example 721,te.ˈllag,te=llag
Example 722,ˈlady,lady
Example 723,ri.ˈka̰z,ri-ka̰z
Example 724,ˈBǽd,Bǽd
Example 725,tu.ˈllā’,tullā’
Example 726,ˈpá,pá
Example 727,ri.ˈka̰z,ri-ka̰z
Example 728,ˈBǽd,Bǽd
Example 729,*ˈteky,teky
Example 730,ˈsḭ̂,sḭ̂
Example 731,ˈJwáyn,Jwáyn
Example 732,te.ˈllag,te=llag
Example 733,lady,lady
Example 734,#ri.ˈka̰z,ri-ka̰z
Example 735,ˈBǽd,Bǽd
Example 736,kēd.ˈtxǽ.di.tū,kēd=tx´-æ=di=tū
Example 737,ˈxsǐly.rú,xsǐly=rú
Example 738,ri.zu.ˈla.wan,ri-zulaw=an
Example 739,ri.ˈgī.bán,ri-gǐb=an
Example 740,ˈbǔlls,bǔlls
Example 741,ˈruyn.zyán,r-uynzī=an
Example 742,*teky,teky
Example 743,ˈra.syan,r-asy=an
Example 744,ˈbūll.sén,bǔlls=ēn
Example 745,ri.zu.ˈla.wan,ri-zulaw=an
Example 746,ri.ˈgī.bán,ri-gǐb=an
Example 747,ˈxsǐly.rú…,xsǐly=rú
Example 748,*ˈxsǐly.rú,xsǐly=rú
Example 749,ri.zu.ˈla.wan,ri-zulaw=an
Example 750,ˈbǔlls,bǔlls
Example 751,ri.ˈgī.bán,ri-gǐb=an
Example 752,bin.ˈdyā.gá,b-indyǎg=a̰
Example 753,ká.bi.ˈxtyæ̰n,ká-bixtyæ=an
Example 754,#ˈzye.xhan,z-yexh=an
Example 755,kēd.ˈdyæ̰̂.dyan,kēd=dyæ̰̂=di=an
Example 756,kēd.ˈgyéxh.dyan,kēd=g´-yexh=di=an
Example 757,ˈdyæ̰̂n,dyæ̰̂=an
Example 758,zu.ˈllṵxh,zu-llṵxh
Example 759,ˈga̰n,ga=an
Example 760,gu.ˈkwâ̰n,gu´-kwa̰=an
Example 761,ˈgæt,gæt
Example 762,nna’.ˈdxi,nna’dxi
Example 763,gāxh.bá.zi.ˈrwa’n,gāxh=ba-ziru’=an
Example 764,xī.ˈbâ̰.nyan,xī=ba̰ny=an
Example 765,ba.ˈgṵn,ba-gṵn
Example 766,ˈtæ̰n,tæ̰=an
Example 767,ˈdxǎn,dxǎn
Example 768,ˈteky,teky
Example 769,ˈzæ̰n,z-æ=an
Example 770,txāz.ˈtæ̰̂,txāzī=tæ̰
Example 771,ri.nnyab.ˈdḭ̂dx,ri-nnyabdḭ̂dx
Example 772,ˈJwáyn,Jwáyn
Example 773,ˈLLúpy,LLúpy
Example 774,kā.lí.ˈtxǽ.dán,kālí=tx´-æ=dán
Example 775,txā.zī.rí.ˈza.kan,txāzī=ri-zak=an
Example 776,ˈteky,teky
Example 777,ˈzya.ban,z-yab=an
Example 778,á.ba.sa.ˈla̰z,á=ba-sala̰z
Example 779,ˈJwáyn,Jwáyn
Example 780,ˈtú.ín,tū=īn
Example 781,ˈbâ̰.nīn,ba̰ny=īn
Example 782,byen.ˈla̰z,b-yenla̰z
Example 783,ˈJwáyn,Jwáyn
Example 784,ˈteky,teky
Example 785,ba.ˈdxā̰.gán,ba-dxā̰g=an
Example 786,ˈlā̰.dán,lā̰dán
Example 787,zyak.ˈbæ̰,z-yakbæ̰
Example 788,ˈJwáyn,Jwáyn
Example 789,ˈteky,teky
Example 790,ˈlā̰.dán,lā̰dán
Example 791,ba.ˈkâts.dá.nēn,ba-kâts=dán=ēn
Example 792,á.ba.dxēl.ˈbæ̰̂,á=ba-dxēlbæ̰̂
Example 793,ˈBǽd,Bǽd
Example 794,ˈteky,teky
Example 795,ba.ˈta’.wan,ba-ta’w=an
Example 796,ˈdbêdy.kī,d´=bedy=kī
Example 797,nā.ˈnnâ̰,nānnâ̰
Example 798,kēd.ˈgwǽ.dyan,kēd=gu-æ=di=an
Example 799,lá.na.ˈnnǒw,lá=nannā=ṵ
Example 800,lá.ˈrā.pán,lá=r-āp=an
Example 801,ka.ˈmyún?,kamyún
Example 802,bin.ˈdyā.gá,b-indyǎg=a̰
Example 803,ká.bi.ˈxtyæ̰n,ká-bixtyæ=an
Example 804,lá.gu.ˈnnǒw,lá=gu-nnā=ṵ
Example 805,ˈbya.ban?,b-yab=an
Example 806,byē.ˈnnyá,b-yěnny=a̰
Example 807,ˈbǣ̰d,b-ǣ̰d
Example 808,bí.ˈdxá̰,bidxá̰
Example 809,nnú.ˈtxî,nnutxî
Example 810,ˈba̰yn.zyán,ba̰ynzī=ani
Example 811,ˈra.syan,r-asy=ani/*j
Example 812,ri.ze.ˈbla̰.zan,ri-zebla̰z=an
Example 813,ˈgá.wan,g´-aw=an
Example 814,te.ˈnyéb,te=nyéb
Example 815,ra.te.ˈla.wan,ra-telow=an
Example 816,ˈtxæ̰̂n,tx´-æ=an
Example 817,ˈlæ’n,læ’n
Example 818,ˈrrády,rrády
Example 819,ri.kye.ˈla̰.zan,ri-kyela̰z=an
Example 820,ˈtxû’,tx´-u’
Example 821,xī.ˈgá.wan,xī=g´-aw=an
Example 822,ri.kye.ˈla̰.zan,ri-kyela̰z=an
Example 823,tū.gák.ˈnǣ,tū=g´-aknǣ
Example 824,ˈlǎ̰n,lǎ̰n
Example 825,ˈlǎ̰n,lǎ̰n
Example 826,gu.ˈnnyæ̰̂n,gu-nnḭ=an
Example 827,tū.ˈgǽ̰d,tū=g´-ǣ̰d
Example 828,ba.ˈlla̰,ba-lla̰
Example 829,ˈJwáyn,Jwáyn
Example 830,ˈtxǽ,tx´-æ
Example 831,ˈxhi’.nyan,xhi’ny=an
Example 832,stú.ˈblád,stúblád
Example 833,ru.ˈdxūn.dān,ru-dxūn=dān
Example 834,gá.ˈdæ̰̂.dūn,ga-dæ̰̂d=ūn
Example 835,ˈllíbr.kī,llíbr=kī
Example 836,bá.ˈkḭ́ly,ba-kḭ̄ly
Example 837,ˈBǽd,Bǽd
Example 838,ˈlǎ̰n,lǎ̰n
Example 839,ˈgú.llán,g´-ull=an
Example 840,gāxh.bá.sá.ˈlā.zá,gāxh=ba-sálǎz=a̰
Example 841,ˈlǎ̰n,lǎ̰n
Example 842,txí.ˈti.xhā.nēn,tx´-æ-tixh=an=ēn
Example 843,ba.láz.ˈla̰.wa,ba-lázlow=a̰
Example 844,gu.ˈsæ̰̂.da,gu´-sæ̰̂d=a̰
Example 845,ˈxtxi’n,s=txi’n
Example 846,ˈzā.llán,z-āll=an
Example 847,ˈkí.xhan,kíxh=an
Example 848,ˈgwilly,gwilly
Example 849,ˈzā.llán,z-āll=an
Example 850,ˈtxǽ,tx´-æ=an
Example 851,ˈBǽd,Bǽd
Example 852,xkwíly.ˈnyéxh,xkwíly+nyéxh
Example 853,gu.ˈnnyæ̰n,gu=nnḭ=an
Example 854,ˈyṵ,yṵ
Example 855,ˈba̰.nyā.nēn,ba̰ny=an=ēn
Example 856,ba.ˈsjyæ̰̌n,ba-sjḭ̄=an
Example 857,txí.ˈllǎ’n,tx´-æ-llā’=an
Example 858,ˈlyu,lyu
Example 859,ba.ˈdu’.yan,ba-du’y=an
Example 860,ˈnyæ̰̂n,ni´-æ=an
Example 861,stú.ˈblád,stúblád
Example 862,ˈxsǐly.rú,xsǐly=rú
Example 863,gu.zu.ˈla.wan,gu-zulaw=an
Example 864,ká.ˈgī.bán,ká-gǐb=an
Example 865,gwe.ˈnâ̰.wan,gu-enâ̰w=an
Example 866,ˈbi.llyan,b-illy=an
Example 867,ˈrēky,rēky
Example 868,á.gu.ˈdxi,á=gudxi
Example 869,ru.ˈllṵ.xhan,ru-llṵxh=an
Example 870,ri.ˈbe.xhǎn,ri-bexhā=an
Example 871,ˈxki.tsan,x-gits=an
Example 872,ˈruyn.zyán,r-uynzī=ani
Example 873,ˈra.syan,r-asy=ani/*j
Example 874,á.gu.ˈdxi,á=gudxi
Example 875,ru.ˈllṵ.xhan,ru-llṵxh=ani
Example 876,ri.be.ˈxhǎn,ri-bexhā=ani/*j
Example 877,ˈxki.tsan,x-gits=an
Example 878,ruyn.ˈllā,ru-ynllā
Example 879,ˈBǽd,Bǽdi
Example 880,ˈgyæ̰̂n,g-yæ=ani/*j
Example 881,*ru.ˈkwen,ru-kwen
Example 882,ˈJwáyn,Jwáynj
Example 883,ˈgyǽ,g-yæ
Example 884,ˈxtā.dán,xtǎd=an
Example 885,ˈbye.xhyan,b-yexhy=ani
Example 886,gu.nni.ˈnæ̌n,gu-nninǣ=ani/*j
Example 887,ˈlǎ̰n,lǎ̰n
Example 888,ru.tsāp.ˈlâ.wan,ru-tsāplôw=ani
Example 889,ruyn.ˈtxḛ.yan,r-uyntxḛy=ani/*j
Example 890,ˈlady,lady
Example 891,ba.láz.ˈla̰.wa,ba-lázlow=a̰
Example 892,ká.ˈsæ̰̂.da,ká-sæ̰̂d=a̰
Example 893,ˈxtxi’n,s=txi’n
Example 894,*ba.láz.ˈla̰.wa,ba-lázlow=a̰
Example 895,ká.ˈsæ̰d,ká-sæ̰d
Example 896,ˈBǽd,Bǽd
Example 897,ˈxtxi’n,s=txi’n
Example 898,ba.ˈdu’.yan,ba-du’y=an
Example 899,ˈnyæ̰̂n,ni´-æ=an
Example 900,stú.ˈblád,stúblád
Example 901,*ba.ˈdu’.yan,ba-du’y=an
Example 902,ˈnyǽ,ni´-æ
Example 903,ˈxhi’.nyan,xhi’ny=an
Example 904,stú.ˈblád,stúblád
Example 905,gu.ˈlæby.ˈla.wan,gu-læby+law=ani
Example 906,ˈræ’n,r-æ’=ani/*j
Example 907,ˈnupy,nupy
Example 908,*gu.ˈlæby.ˈla.wan,gu-læby+law=an
Example 909,ˈræ,r-æ
Example 910,ˈBǽd,Bǽd
Example 911,ˈxkwíly,xkwíly
Example 912,ˈgudxa’,gudxa’
Example 913,bi.ˈdū.nnán,bi-dūnn=an
Example 914,ˈtxæ̰̂n,tx´-æ=an
Example 915,ˈbyṵz,byṵz
Example 916,guk.ˈxnya̰.ban,gu-akxnya̰b=an
Example 917,ˈtxæ̰̂n,tx´-æ=an
Example 918,ˈru’,ru’
Example 919,yu.ˈla̰y,yula̰y
Example 920,bi.ˈzæ̰.dan,bi-zæ̰d=ani
Example 921,ˈkwḭ̂.ban,kwḭ̂b=ani/*j
Example 922,ˈgû’n,gû’n
Example 923,ba.ˈkḭ̄ly,ba-kḭ̄ly
Example 924,ˈBǽd,Bǽdi
Example 925,ˈlǎ̰n,lǎ̰nj
Example 926,ˈgú.llán,g´-ull=an*i/j
Example 927,ˈllíbr.kī,llíbr=kī
Example 928,ba.ˈlṵy.an,ba-lṵy=ani
Example 929,ˈlǎ̰n,lǎ̰nj
Example 930,ruyn.ˈtxæ̰.yan,r-uyntxæ̰y=an*i/j
Example 931,ˈlady,lady
Example 932,ba.ˈllæ.byan,ba-llæby=ani
Example 933,ˈla.wan,low=anj
Example 934,ba.ˈllæ.byan,ba-llæby=ani
Example 935,ˈlǎ̰n,lǎ̰nj
Example 936,ˈgu.nyan,g´-uny=an*i/j
Example 937,ˈzṵyn,zṵyn
Example 938,*ba.ˈlṵy.an,ba-lṵy=ani
Example 939,ˈlǎ̰n,lǎ̰nj
Example 940,ruyn.ˈtxæ̰,r-uyntxæ̰y=an*i/j
Example 941,ˈBǽd,Bǽd
Example 942,ˈlady,lady
Example 943,ba.sa.ˈla̰z,ba-sala̰z
Example 944,ˈNély,Nély
Example 945,kēd.gú.ˈdîxh.dyan,kēd=gu-dixh=neg=an
Example 946,ˈxtxā’,xtxā’
Example 947,á.gu.ˈdxi,á=gudxi
Example 948,ˈtæ̰,tæ̰
Example 949,ba.nna.ˈla̰z.dán,ba-nnala̰z=dáni
Example 950,ˈtxǽ.dán,tx´-æ=dáni/*j
Example 951,ri.nni.ˈxkall,ri-nnixkall
Example 952,ˈJwáyn,Jwáyni
Example 953,ˈru.nyan,r-uny=ani/*j
Example 954,ˈgán,gán
Example 955,ri.nni.ˈxkall,ri-nnixkall
Example 956,ˈJwáyn,Jwáyni
Example 957,ˈruyn,r-uny
Example 958,ˈBǽd,Bǽd
Example 959,ˈgán,gán
Example 960,ˈgū.llán,gu-āll=ani
Example 961,gu.ˈdi.xhan,gu-dixh=ani/*j
Example 962,ˈgwilly,gwilly
Example 963,ˈgū.llán,gu-āll=an
Example 964,ˈgwæ,gu-æ
Example 965,ˈJwáyn,Jwáyn
Example 966,ˈxkwíly,xkwíly
Example 967,ba.ˈsjyæ̰̌n,ba-sjḭ̄=an
Example 968,txí.ˈllǎ’n,tx´-æ-llā’=an
Example 969,ˈlyu,lyu
Example 970,ba.ˈsjyæ̰̌n,ba-sjḭ̄=an
Example 971,txí.ˈllā’,tx´-æ-llā’
Example 972,ˈBǽd,Bǽd
Example 973,ˈlyu,lyu
Example 974,gu.ˈnnǎn,gu-nnā=an
Example 975,txi.bi.ˈzûyn.dán,txi=bi-zuyn=dán
Example 976,ba.ˈdxē.lán,ba-dxēl=an
Example 977,kūd.gú.ˈxḛ̂l.dán,kūd=gu-xḛl=dán
Example 978,ˈlǎ̰n,lǎ̰n
Example 979,gāxh.gu.díxh.ˈlæ̂’,gāxh=gu-díxhlæ̂’
Example 980,lo.ˈJúlly,low=Júlly
Example 981,ru.ˈxē.xhán,ru-xěxh=an
Example 982,txi.ru.zub.ˈxhyæ’n,txi=ru-zubxhi’=an
Example 983,ˈnēky,nēky
Example 984,ba.dxē.lán,ba-dxēl=an
Example 985,te.gu.ˈlâs,te=gulâs
Example 986,txi.ká.ˈgā̰.nyán,txi=ká-gā̰ny=an
Example 987,ˈrēky,rēky
Example 988,txi.ˈbyé.tán,txi=b-yet=an
Example 989,gāxh.ba.ˈsyā.nēn,gāxh=ba-syā=an=ēn
Example 990,txigu.ˈlûxh,txi=gu-luxh
Example 991,gu.dixh.ˈlæ’n,gu-dixhlæ’=an
Example 992,gāxh.gú.ˈnnyæ̰n,gāxh=gu-nnḭ=an
Example 993,gāxh.gú.ˈnnyæ̰n,gāxh=gu-nnḭ=an
Example 994,xī.ká.ˈyuyn.zú,xī=káy-uny=zá=ṵ
Example 995,gāxh.zí.bé.ˈxhâ̰.īn,gāxh=zi-béxhā=a̰=īn
Example 996,ká.ni.ká.ˈnnyæ̰n,ka=ni=ká-nnḭ=an
Example 997,#gāxh.ká.bé.ˈxhâ̰.īn,gāxh=ká-béxhâ̰=īn
Example 998,ká.ni.ˈnnyæ̰̂n,ka=ni=nnḭ̂=an
Example 999,ka.ni.kēd.rí.ˈka̰z.dyan,kani=kēd=ri-ka̰z=di=an
Example 1000,ˈnyǎk.kī,ni´-ak=kī
Example 1001,té.txí.ˈnæ̰̂,té=tx´-énæ̰̂
Example 1002,get.ˈgṵ̄,getgṵ
Example 1003,ni.ˈbā.nín,ni=bǎny=a̰=īn
Example 1004,gu.ˈlæ̌,gu-læ̌
Example 1005,ˈlady,clothes
Example 1006,lo.gu.ˈbidx,low=gubidx
Example 1007,té.ga.ˈbî.zēn,té=ga´-biz=ēn
Example 1008,té.ga.ˈbî.zēn,té=ga´-biz=ēn
Example 1009,ni.gu.ˈllěn,ni=gu-llæ̌=ēn
Example 1010,ló.gu.ˈbidx,low=gubidx
Example 1011,ba.ˈsḛw,ba-sḛw
Example 1012,té.kēd.ˈdyæ̰̂m,té=kēd=dyæ̰̂=um
Example 1013,ba.ˈsḛ̂.wa,ba-sḛ̂w=a̰
Example 1014,ˈbedy,bedy
Example 1015,té.kēd.ˈgów,té=kēd=g´-aw
Example 1016,ˈběw,běw
Example 1017,ˈlā̰.dúm,lā̰dúm
Example 1018,ri.be.ˈdxā’n,ri-bedxa’=ān
Example 1019,té.kēd.bá.ká.ˈdyā.gá,té=kēd=ba-kadyǎg=a̰
Example 1020,ˈdḭdx,dḭdx
Example 1021,ˈsrēky,srēky
Example 1022,gú.ˈnyæ̰n,gu-nnḭ=an
Example 1023,té.kēd.ˈnyæ̰̂n,té=kēd=ni´-æ=an
Example 1024,ˈxkwíly,xkwíly
Example 1025,ri.be.ˈdxā’n,ri-bedxa’=ān
Example 1026,té.kēd.bá.ká.ˈdyǎg.dya,té=kēd=ba-kadyǎg=di=a̰
Example 1027,ˈdḭdx,dḭdx
Example 1028,ri.be.ˈdxā’n,ri-bedxa’=ān
Example 1029,kóm.kēd.bá.ká.ˈdyǎg.dya,kom=kēd=ba-kadyǎg=di=a̰
Example 1030,ˈdḭdx,dḭdx
Example 1031,kom.kēd.bá.ká.ˈdyǎg.dya,kom=kēd=ba-kadyǎg=di=a̰
Example 1032,ˈdḭdx,dḭdx
Example 1033,gāxh.rí.be.ˈdxā’n,gāxh=ri-bedxa’=ān
Example 1034,#kom.ˈtxâ’,kom=tx´-â’
Example 1035,gāxh.bí.ˈdxī.txán,gāxh=bi-dxītx=an
Example 1036,kom.kēd.gú.kwá.ˈdyǎg.dya,kom=kēd=gu´-kwadyǎg=di=a̰
Example 1037,ˈdḭdx,dḭdx
Example 1038,gāxh.zí.be.ˈdxā’n,gāxh=zi-bedxa’=ān
Example 1039,"kom.txi.ˈræ’n,",kom=txi=r-æ’=an
Example 1040,kēd.ˈrǽ̰d.dyán,kēd=r-ǣ̰d=di=an
Example 1041,bi.ˈlā.dán,bi-lā=dán
Example 1042,ˈlǎ̰n,lǎ̰n
Example 1043,ni.ˈbyá.ban,ni=b-yab=an
Example 1044,bi.ˈlā.dán,bi-lā=dán
Example 1045,ˈlǎ̰n,lǎ̰n
Example 1046,ˈlā̰yn,lā̰yn
Example 1047,ni.ˈbyá.ban,ni=b-yab=an
Example 1048,kombi.ˈlā.dán,kom=bi-lā=dán
Example 1049,ˈlǎ̰n,lǎ̰n
Example 1050,ˈlā̰yn,lā̰yn
Example 1051,ni.ˈbyá.ban,ni=b-yab=an
Example 1052,téba.ˈllṵ̄b.dān,té=ba-llṵb=dān
Example 1053,ˈlǎ̰n,ˈlǎ̰n
Example 1054,ˈlā̰yn,lā̰yn
Example 1055,ni.ˈzæ̰̂n,ni=z´-æ=an
Example 1056,#ˈbyá.ban,b-yab=an
Example 1057,té.bi.ˈlā.dán,té=bi-lā=dán
Example 1058,ˈlǎ̰n,lǎ̰n
Example 1059,ˈbyá.ban,b-yab=an
Example 1060,kom.bi.ˈlā.dán,kom=bi-lā=dán
Example 1061,ˈlǎ̰n,lǎ̰n
Example 1062,bǣll.ˈbyâb,bǣll=b-yab
Example 1063,"nis.ˈjyæ,",nisgyæ
Example 1064,ˈgudx,gu-adx
Example 1065,ˈxpē.dyá’,x-bedy=a̰
Example 1066,bǣll.ˈbyâb,bǣll=b-yab
Example 1067,nis.ˈjyæ,nisgyæ
Example 1068,#gāxhˈgudx,gu-adx
Example 1069,ˈxpē.dyá,x-bedy=a̰
Example 1070,#bǣll.bá.ˈzu.nyan,bǣll=ba-zuny=an
Example 1071,"gu.ˈdxa’,",gudxa’
Example 1072,bye.kyan,b-yeky=an
Example 1073,"bǣll.bá.ˈsæ̰.dan,",bǣll=ba-sæ̰d=an
Example 1074,gāxh.zi.ˈdæ̰.dan,gāxh=zi-dæ̰d=an
Example 1075,"bǣll.ká.ˈsæ̰.dan,",bǣll=ká-sæ̰d=an
Example 1076,gāxh.zi.ˈdæ̰.dan,gāxh=zi-dæ̰d=an
Example 1077,"bǣll.gú.ˈsæ̰̂.dan,",bǣll=gu´-sæ̰d=an
Example 1078,gāxh.zi.ˈdæ̰.dan,gāxh=zi-dæ̰d=an
Example 1079,"*bǣll.bá.ˈsæ̰.dan,",bǣll=ba-sæ̰d=an
Example 1080,gāxh.gu.ˈdæ̰.dan,gāxh=gu-dæ̰d=an
Example 1081,"*bǣll.ká.ˈsæ̰.dan,",bǣll=ká-sæ̰d=an
Example 1082,gāxh.ˈtæ̰̂.dan,gāxh=tæ̰̂d=an
Example 1083,"*bǣll.ˈnyâ’,",bǣll=ni´-â’
Example 1084,gāxh.se.ˈgúr,gāxh=segúr
Example 1085,ˈtæ̰,tæ̰
Example 1086,ga.ˈdxá̰.gán,ga´-dxǎ̰g=an
Example 1087,"bǣll.báˈdxē.lá.nēn,",bǣll=ba-dxēl=an=ēn
Example 1088,ga.zí.ˈrwa’n,ga´-ziru’=an
Example 1089,bǣll.ˈná.ín,bǣll=nā=īn
Example 1090,"ní.bá.ˈdxé.lá.nēn,",ni=ba-dxēl=an=ēn
Example 1091,za.zi.ˈrwa’n,za-ziru’=an
Example 1092,bǣll.ˈná.ín,bǣll=nā=īn
Example 1093,"ní.gu.ˈzyæ̰̂.nēn,",ni=gu-zḭ=an=ēn
Example 1094,kí.ˈxhæ’n,kíxhæ’=an
Example 1095,"nīk.txá.xī.tíˈgú.nyan,",nīktxá=xī=ti=g´-uny=an
Example 1096,kēd.ˈtxǽ.dyan,kēd=tx´-æ=di=an
Example 1097,"nīk.txá.tū.tíˈkwów,",nīktxá=tū=ti=kwów
Example 1098,kēd.ˈxyé.lú,kēd=xyěl=ṵ
Example 1099,"nīk.txá.tū.ˈkwów.ti,",nīktxá=tū=kwów=ti
Example 1100,kēd.ˈxyé.lú,kēd=xyěl=ṵ
Example 1101,"nīk.txá.tū.tí.guˈlôw,",nīktxá=tū=ti=gu-low
Example 1102,kēd.gú.ˈxyěl.dyan,kēd=gu-xyěl=di=an
Example 1103,"bǣll.kēd.gá.zí.ˈrwa’n,",bǣll=kēd=ga´-ziru’=an
Example 1104,ˈzæ̰n,z-æ=an
Example 1105,liz.ˈjḭb,lizgḭb
Example 1106,"*bǣll.kēd.gá.zí.ˈru’.dyan,",bǣll=kēd=ga´-ziru’=di=an
Example 1107,ˈzæ̰n,z-æ=an
Example 1108,liz.ˈjḭb,lizgḭb
Example 1109,"*bǣll.gá.zí.ˈrwa’n,","bǣll=ga´-ziru’=an,"
Example 1110,kēd.zǽ.dyan,kēd=z-æ=di=an
Example 1111,liz.ˈjḭb,lizgḭb
Example 1112,"bǣll.gá.zí.ˈrwa’n,","bǣll=ga´-ziru’=an,"
Example 1113,kēd.ˈtxǽ.dyan,kēd=tx´-æ=di=an
Example 1114,liz.ˈjḭb,lizgḭb
Example 1115,ˈmasy,masy
Example 1116,"ká.ˈnnḭ.dá.nnēn,","ká-nnḭ=dán=ēn,"
Example 1117,*ba.ˈxhī.zán,ba-xhīz=an
Example 1118,ˈmasy,masy
Example 1119,kēd.ˈgyé.nyan,kēd=g´-yeny=an
Example 1120,ˈxín,xī=īn
Example 1121,ˈsrū,srū
Example 1122,ˈnǎn,na=an
Example 1123,ˈmasy,masy
Example 1124,ˈnæz,næz
Example 1125,lo.ˈgyâ̰,low=gyâ̰
Example 1126,ri.ˈka̰.zan,ri-ka̰z=an
Example 1127,ˈrṵ̄n.gán,r-ṵ̄n=ga=an
Example 1128,ˈraw.gan,r-aw=ga=an
Example 1129,ká.ˈza.gan,ká-za=ga=an
Example 1130,ká.ˈnnḭ.gan,ká-nnḭ=ga=an
Example 1131,ˈzēky,zēky
Example 1132,ˈsá.gan,sá=ga=an
Example 1133,ˈnnḭ̂.gan,nnḭ̂=ga=an
Example 1134,ˈtyúb,té=g´-yúb
Example 1135,ˈtxô’n,tx´-ô’=un
Example 1136,#ˈbḭ̄n.gán,bḭ̄n=ga=an
Example 1137,gu.ˈdaw.gan,gu-daw=ga=an
Example 1138,*kēd.ká.ˈza.ga.dyan,kēd=ká-za=ga=di=an
Example 1139,kēd.ká.ˈnnḭ.ga.dyan,kēd=ká-nnḭ=ga=di=an
Example 1140,"ˈgudx.lán,",gu-adx=lā=an
Example 1141,txi.rúba.ˈsā’n.lā,txirú=ba-sā’n=lā
Example 1142,ka.ˈmyún,kamyún
Example 1143,ˈlǎ̰n,lǎ̰n
Example 1144,ba.ˈllṵb.lán,ba-llṵb=lā=an
Example 1145,lo.ˈnæz,lonæz
Example 1146,txi.rú.ˈgwæ.lán,txirú=gu-æ=lā=an
Example 1147,ˈdāyn,dāyn
